{"analog_neurons": [-58.901413737907596, -56.34503180185814], "digital_neurons": [-62.66610559613112, -64.18586851191152], "synaptic_weights": [1.3614118481724604, 1.3614118481724604]}